3000 SHASTA RD,BERKELEY
425 GRESEL ST,HAYWARD
1065 CRESTON RD,BERKELEY
830 REGAL RD,BERKELEY
19 TAMALPAIS RD,BERKELEY
2650 DURANT AVE,BERKELEY
2710 RUSSELL ST,BERKELEY
2800 FOREST AVE,BERKELEY
2940 BENVENUE AVE,BERKELEY
2771 TELEGRAPH AVE,BERKELEY
2241 RUSSELL ST,BERKELEY
2236 PARKER ST,BERKELEY
1821 CATALINA AVE,BERKELEY
941 THE ALAMEDA,BERKELEY
1900 MARIN AVE,BERKELEY
1130 OXFORD ST,BERKELEY
830 REGAL RD,BERKELEY
1781 ROSE ST,BERKELEY
1645 MILVIA ST,BERKELEY
2220 CEDAR ST,BERKELEY
1632 HOPKINS ST,BERKELEY
1515 FRANCISCO ST,BERKELEY
1644 VIRGINIA ST,BERKELEY
1640 STUART ST,BERKELEY
1730 OREGON ST,BERKELEY
1731 PRINCE ST,BERKELEY
2800 PARK ST,BERKELEY
2150 E 14TH ST,SAN LEANDRO
1320 ADDISON ST,BERKELEY
1600 SACRAMENTO ST,BERKELEY
5555 ASCOT DR,OAKLAND
999 CEDAR ST,BERKELEY
1900 6TH ST,BERKELEY
2442 8TH ST,BERKELEY
5701 THORNHILL DR,OAKLAND
30 MARGUERITE DR,OAKLAND
30 MANDALAY RD,OAKLAND
6686 CHABOT RD,OAKLAND
5776 MILES AVE,OAKLAND
303 HUDSON ST,OAKLAND
5951 COLLEGE AVE,OAKLAND
303 HUDSON ST,OAKLAND
8 CAPTAIN DR,EMERYVILLE
430 49TH ST,OAKLAND
4238 HOWE ST,OAKLAND
4314 PIEDMONT AVE,OAKLAND
33 LINDA AVE,OAKLAND
907 UNDERHILLS RD,OAKLAND
4101 PARK BLVD,OAKLAND
3600 13TH AVE BUS.,OAKLAND
1658 EXCELSIOR AVE,OAKLAND
4215 LA CRESTA AVE,OAKLAND
3845 FOREST HILL AVE,OAKLAND
365 45TH ST,OAKLAND
4351 BROADWAY,OAKLAND
3612 WEBSTER ST BUS.,OAKLAND
172 SANTA CLARA AVE,OAKLAND
401 SANTA CLARA AVE,OAKLAND
3518 LAKE SHORE AVE,OAKLAND
1300 GRAND AVE,PIEDMONT
7080 COLTON BLVD,OAKLAND
1707 GOULDIN RD,OAKLAND
2795 BUTTERS DR,OAKLAND
110 HILLER DR,OAKLAND
400 ADAMS ST,ALBANY
801 ISLAND DR,ALAMEDA
401 HIGHLAND AVE,PIEDMONT
198 OAK RD,PIEDMONT
43545 BRYANT ST,FREMONT
1101 VERDEMAR DR,ALAMEDA
1138 ISLAND DR,ALAMEDA
2914 ENCINAL AVE,ALAMEDA
3010 FILLMORE ST,ALAMEDA
430 WILLOW ST,ALAMEDA
920 PARK ST,ALAMEDA
1119 LAFAYETTE ST,ALAMEDA
2700 BUENA VISTA AVE,ALAMEDA
2263 SANTA CLARA AVE,ALAMEDA
2070 CLINTON AVE,ALAMEDA
846 MASONIC AVE,ALBANY
1801 SANDCREEK WAY,ALAMEDA
40455 CHAPEL WAY,FREMONT
1323 CENTRAL AVE,ALAMEDA
1515 VERDI ST,ALAMEDA
825 TAYLOR AVE,ALAMEDA
28595 HAYWARD BLVD BUS.,HAYWARD
210 CENTRAL AVE,ALAMEDA
444 CENTRAL AVE,ALAMEDA
1400 6TH ST,ALAMEDA
6401 SAN PABLO AVE,OAKLAND
6026 IDAHO ST,OAKLAND
5606 SAN PABLO AVE,OAKLAND
1051 54TH ST,OAKLAND
6015 MARTIN LUTHER KING JR WAY,OAKLAND
6300 SHATTUCK AVE,OAKLAND
581 61ST ST,OAKLAND
745 CLEVELAND ST,OAKLAND
3750 BROWN AVE,OAKLAND
6580 MIRABEAU DR,NEWARK
111 FAIRMOUNT AVE,OAKLAND
275 28TH ST,OAKLAND
278 GRAND AVE,OAKLAND
278 GRAND AVE,OAKLAND
1850 ALICE ST,OAKLAND
125 14TH ST,OAKLAND
225 11TH ST,OAKLAND
1969 PARK BLVD,OAKLAND
1225 DERBY AVE,OAKLAND
3131 UNION ST,OAKLAND
2607 MYRTLE ST,OAKLAND
525 29TH ST,OAKLAND
550 24TH ST,OAKLAND
1700 MARKET ST,OAKLAND
1801 ADELINE ST,OAKLAND
920 CAMPBELL ST,OAKLAND
1004 14TH ST,OAKLAND
960 10TH ST,OAKLAND
250 10TH ST,OAKLAND
3200 BOSTON AVE,OAKLAND
3200 BOSTON AVE,OAKLAND
2735 MACARTHUR BLVD,OAKLAND
4700 LINCOLN AVE,OAKLAND
2121 DEPOT RD BUS.,HAYWARD
3900 35TH AVE,OAKLAND
3344 HIGH ST,OAKLAND
4113 HANFORD ST,UNION CITY
200 LADERA PLZ,UNION CITY
557 OLIVINA AVE,LIVERMORE
3711 SUTER ST,OAKLAND
3535 38TH AVE,OAKLAND
1836 B ST,HAYWARD
4610 FOOTHILL BLVD,OAKLAND
2100 5TH AVE,OAKLAND
2100 5TH AVE,OAKLAND
650 ALMA AVE,OAKLAND
1025 E 28TH ST,OAKLAND
1025 E 28TH ST,OAKLAND
1500 E 15TH ST,OAKLAND
1926 19TH AVE,OAKLAND
1640 22ND AVE,OAKLAND
2221 FRUITVALE AVE,OAKLAND
2410 WARRING ST,BERKELEY
2101 35TH AVE,OAKLAND
1325 53RD AVE,OAKLAND
1100 64TH AVE,OAKLAND
1016 66TH AVE,OAKLAND
7425 INTERNATIONAL BLVD,OAKLAND
8200 INTERNATIONAL BLVD,OAKLAND
5800 INTERNATIONAL BLVD BUS.,OAKLAND
5800 INTERNATIONAL BLVD BUS.,OAKLAND
6328 E 17TH ST,OAKLAND
5410 FLEMING AVE,OAKLAND
3200 62ND AVE,OAKLAND
1010 E 15TH ST,OAKLAND
3994 BURCKHALTER AVE,OAKLAND
3994 BURCKHALTER AVE,OAKLAND
3550 64TH AVE,OAKLAND
3550 64TH AVE,OAKLAND
7929 NEY AVE,OAKLAND
5915 MARTIN LUTHER KING JR WAY,OAKLAND
975 85TH AVE,OAKLAND
1401 98TH AVE,OAKLAND
1070 41ST ST,EMERYVILLE
1300 E 24TH ST BUS,OAKLAND
2133 CENTRAL AVE,ALAMEDA
6363 CHRISTIE AVE,EMERYVILLE
247 MARLOW DR,OAKLAND
4615 GRASS VALLEY RD,OAKLAND
3400 MALCOLM AVE,OAKLAND
2640 108TH AVE,OAKLAND
2611 98TH AVE,OAKLAND
9600 SUNNYSIDE ST,OAKLAND
8500 A ST,OAKLAND
401 JONES AVE,OAKLAND
215 ISLETON AVE,OAKLAND
470 EL PASEO DR,OAKLAND
711 HIGHLAND AVE,PIEDMONT
1145 GILMAN ST,BERKELEY
313 W WINTON AVE,HAYWARD
313 W WINTON AVE,HAYWARD
1 SOUTHLAND MALL BUS.,HAYWARD
411 LARCHMONT ST,HAYWARD
26268 FLAMINGO AVE,HAYWARD
26825 ELDRIDGE AVE,HAYWARD
27182 PATRICK AVE,HAYWARD
27211 TYRRELL AVE,HAYWARD
2184 THAYER AVE,HAYWARD
3200 62ND AVE,OAKLAND
26601 CALAROGA AVE,HAYWARD
27790 PORTSMOUTH AVE,HAYWARD
2747 OLIVER DR,HAYWARD
940 NEW ENGLAND VLG DR,HAYWARD
175 FAIRWAY ST,HAYWARD
222 BURBANK ST,HAYWARD
23950 MISSION BLVD,HAYWARD
24823 SOTO RD,HAYWARD
2800 PARK ST,BERKELEY
495 WYETH RD,HAYWARD
275 GOODWIN ST,HAYWARD
1630 BANCROFT WAY,BERKELEY
738 CALHOUN ST,HAYWARD
944 CENTRAL BLVD,HAYWARD
27476 HAYWARD BLVD,HAYWARD
2494 OAKES DR,HAYWARD
2001 BOCKMAN RD,SAN LORENZO
1510 VIA SONYA,SAN LORENZO
1535 BOCKMAN RD,SAN LORENZO
1535 BOCKMAN RD,SAN LORENZO
945 PASEO GRANDE,SAN LORENZO
395 PASEO GRANDE,SAN LORENZO
620 DREW ST,SAN LORENZO
16105 MATEO ST,SAN LEANDRO
16248 CAROLYN ST,SAN LEANDRO
16248 CAROLYN ST,SAN LEANDRO
15333 WICKS BLVD,SAN LEANDRO
14900 ZELMA ST,SAN LEANDRO
8435 DAVONA DR,DUBLIN
14790 CORVALLIS ST,SAN LEANDRO
13050 AURORA DR,SAN LEANDRO
300 ESTUDILLO AVE,SAN LEANDRO
3750 MONTEREY BLVD,SAN LEANDRO
1901 HEARST AVE,BERKELEY
1245 147TH AVE,SAN LEANDRO
2200 BANCROFT AVE,SAN LEANDRO
401 MARINA BLVD,SAN LEANDRO
1600 BANCROFT AVE,SAN LEANDRO
951 DOWLING BLVD,SAN LEANDRO
294 BROADMOOR BLVD,SAN LEANDRO
561 LAFAYETTE AVE BUS,SAN LEANDRO
835 E 14TH ST,SAN LEANDRO
575 W ESTUDILLO AVE,SAN LEANDRO
2652 VERGIL CT,CASTRO VALLEY
3201 ADELINE ST,BERKELEY
20185 SAN MIGUEL AVE,CASTRO VALLEY
19104 LAKE CHABOT RD,CASTRO VALLEY
17520 REDWOOD RD,CASTRO VALLEY
2800 MABEL ST,BERKELEY
19179 CENTER ST,CASTRO VALLEY
4400 ALMA AVE,CASTRO VALLEY
19722 CENTER ST,CASTRO VALLEY
4000 E CASTRO VALLEY BLVD,CASTRO VALLEY
4900 VALLEY AVE,PLEASANTON
6810 VILLAREAL DR,CASTRO VALLEY
17115 MEEKLAND AVE,HAYWARD
457 CAPISTRANO DR,OAKLAND
109 GROVE WAY,HAYWARD
585 WILLOW AVE,HAYWARD
24200 FAIRVIEW AVE,HAYWARD
2058 D ST,HAYWARD
1067 CLARENDON CRES,OAKLAND
5757 HAGGIN OAKS AVE,LIVERMORE
5280 IRENE WAY,LIVERMORE
1188 S LIVERMORE AVE,LIVERMORE
35 FENTON ST,LIVERMORE
1001 ELAINE AVE,LIVERMORE
1919 CORDOBA ST,LIVERMORE
391 ONTARIO DR,LIVERMORE
1701 EL PADRO DR,LIVERMORE
951 RINCON AVE,LIVERMORE
5701 THORNHILL DR,OAKLAND
800 MARYLIN AVE,LIVERMORE
557 OLIVINA AVE,LIVERMORE
3612 WEBSTER ST BUS.,OAKLAND
703 ATLANTIC AVE,ALAMEDA
240 KOTTINGER DR,PLEASANTON
1125 CONCORD ST,PLEASANTON
4665 BERNAL AVE BUS.,PLEASANTON
8194 ARROYO DR BUS.,PLEASANTON
1000 PINE ST BUS.,FREMONT
4375 FOOTHILL RD,PLEASANTON
1050 MATTOX RD BUS,HAYWARD
327 MACARTHUR BLVD,OAKLAND
25862 FIVE CANYONS PKWY,CASTRO VALLEY
1500 CALLE SANTA ANNA,PLEASANTON
4151 W LAS POSITAS BLVD,PLEASANTON
2595 MECARTNEY RD BUS.,ALAMEDA
1225 HOPYARD RD BUS.,PLEASANTON
3883 ALISO AVE BUS.,OAKLAND
7997 VOMAC RD,DUBLIN
7500 AMARILLO RD,DUBLIN
7372 HANSEN DR,DUBLIN
8435 DAVONA DR,DUBLIN
7243 TAMARACK DR,DUBLIN
6800 PENN DR,DUBLIN
33629 15TH ST,UNION CITY
33000 ALMADEN BLVD,UNION CITY
32500 METEOR DR,UNION CITY
4444 CASTILLE CT,UNION CITY
32737 BEL AIRE ST BUS.,UNION CITY
703 C ST,UNION CITY
3518 LAKE SHORE AVE,OAKLAND
4141 DEEP CREEK RD,FREMONT
33955 EMILIA LN,FREMONT
30 MARGUERITE DR,OAKLAND
34050 PASEO PADRE PKWY,FREMONT
4150 DORMAN RD BUS.,PLEASANTON
3800 BEARD RD,FREMONT
3375 WARWICK RD,FREMONT
34609 ALLEGHENY CT,FREMONT
3801 NICOLET AVE,FREMONT
3400 NICOLET AVE,FREMONT
35521 CABRILLO DR,FREMONT
4111 ALDER AVE,FREMONT
4357 THORNTON AVE,FREMONT
3111 WASHINGTON BLVD,FREMONT
4111 HARBOR VIEW AVE,OAKLAND
4500 THORNTON AVE,FREMONT
37051 CABRILLO TER,FREMONT
4620 MATTOS DR,FREMONT
38801 BLACOW RD,FREMONT
4200 MOWRY AVE,FREMONT
941 THE ALAMEDA,BERKELEY
4700 CALAVERAS AVE,FREMONT
14200 CHAPMAN RD BUS.,SAN LEANDRO
2539 TELEGRAPH AVE,BERKELEY
5019 STEVENSON BLVD BUS.,FREMONT
40404 SUNDALE DR,FREMONT
4825 GLEASON DR,DUBLIN
5200 VALPEY PARK AVE,FREMONT
17800 REDWOOD RD BUS.,CASTRO VALLEY
43100 ISLE ROYAL ST,FREMONT
41825 GREENPARK DR,FREMONT
4220 OAK HILL RD,OAKLAND
4343 AUTO MALL PKWY,FREMONT
41386 FREMONT BLVD,FREMONT
43030 NEWPORT DR,FREMONT
36600 NILES BLVD,FREMONT
37645 2ND ST,FREMONT
711 OLD CANYON RD,FREMONT
38569 CANYON HEIGHTS DR,FREMONT
5001 DEEP CREEK RD BUS.,FREMONT
38801 HASTINGS ST,FREMONT
500 WALNUT AVE,FREMONT
40292 LESLIE ST,FREMONT
40700 CHAPEL WAY,FREMONT
555 LEMOS LN,FREMONT
945 PASEO GRANDE,SAN LORENZO
801 PLYMOUTH AVE,FREMONT
2950 WASHINGTON BLVD,FREMONT
2082 BOXWOOD WAY,FREMONT
310 TUMBLEWEED CT,FREMONT
22311 N 3RD ST,CASTRO VALLEY
36901 SPRUCE ST,NEWARK
36111 BETTENCOURT ST,NEWARK
2860 HALCYON DR,SAN LEANDRO
35660 CEDAR BLVD,NEWARK
5735 MUSICK AVE,NEWARK
11601 MAIN ST,SUNOL
33783 WHIMBREL RD,FREMONT
2040 103RD AVE,OAKLAND
2535 HIGH ST,OAKLAND
3900 35TH AVE,OAKLAND
2951 DERBY ST,BERKELEY
2951 DERBY ST,BERKELEY
3700 COOLIDGE AVE,OAKLAND
2700 DWIGHT WAY,BERKELEY
2700 DWIGHT WAY,BERKELEY
6320 DAIRY AVE,NEWARK
6247 JOAQUIN MURIETA AVE,NEWARK
2029 BERKELEY WAY,BERKELEY
21966 DOLORES ST BUS,CASTRO VALLEY
1444 WILLIAMS ST BUS.,SAN LEANDRO
1343 HOPKINS ST,BERKELEY
6001 ESTATES DR,OAKLAND
463 51ST ST,OAKLAND
1711 2ND ST,ALAMEDA
38255 BLACOW RD,FREMONT
1089 BLUEBELL DR,LIVERMORE
8 AZTEC WAY,OAKLAND
21 MOUNTAIN VALLEY,OAKLAND
4500 GILBERT ST,OAKLAND
5525 ASCOT DR BUS,OAKLAND
2801 HOP RANCH RD,UNION CITY
111 FAIRMOUNT AVE,OAKLAND
8800 FONTAINE ST,OAKLAND
3700 COOLIDGE AVE,OAKLAND
1451 LEIMERT BLVD,OAKLAND
1425 OREGON ST,BERKELEY
5353 SUNOL BLVD BUS.,PLEASANTON
425 GRESEL ST,HAYWARD
400 ALCATRAZ AVE,OAKLAND
1600 BANCROFT AVE,SAN LEANDRO
1249 MARIN AVE,ALBANY
3195 MECARTNEY RD,ALAMEDA
6071 SMITH AVE,NEWARK
37490 BIRCH ST,NEWARK
36120 RUSCHIN DR,NEWARK
3295 SCHOOL ST,OAKLAND
3320 GRAND AVE,OAKLAND
1516 GRAND ST,ALAMEDA
5353 SUNOL BLVD BUS.,PLEASANTON
1931 CENTER ST,BERKELEY
666 BELLEVUE AVE,OAKLAND
666 BELLEVUE AVE,OAKLAND
1326 ALLSTON WAY,BERKELEY
2134 MARTIN LUTHER KING JR WAY BUS.,BERKELEY
33350 PEACE TER BUS.,FREMONT
1 KELTON CT,OAKLAND
3800 WALNUT AVE,FREMONT
2021 COLLEGE AVE,LIVERMORE
1700 PASEO LAGUNA SECO,LIVERMORE
6940 RICH AVE,NEWARK
1419 BUCKINGHAM WAY BUS.,HAYWARD
296 RISHELL DR,OAKLAND
3883 ALISO AVE BUS.,OAKLAND
896 ISABELLA ST,OAKLAND
600 BELLEVUE AVE,OAKLAND
1221 PACIFIC AVE,SAN LEANDRO
6176 VIA DE LOS CERROS,PLEASANTON
5650 SCENIC AVE,LIVERMORE
1630 BANCROFT WAY,BERKELEY
251 KOTTINGER DR,PLEASANTON
890 FARGO AVE,SAN LEANDRO
5735 MUSICK AVE,NEWARK
5802 FOOTHILL BLVD,OAKLAND
7804 TURQUOISE ST,DUBLIN
39900 FARWELL DR,FREMONT
2627 ANN ST,FREMONT
32 BRET HARTE RD,BERKELEY
121 PARKSIDE DR,BERKELEY
6300 STONERIDGE MALL RD,PLEASANTON
926 N L ST BUS,LIVERMORE
2 TUNNEL RD,BERKELEY
2700 LYLEWOOD DR BUS.,PLEASANTON
3534 LAKE SHORE AVE,OAKLAND
3183 MECARTNEY RD,ALAMEDA
400 ADAMS ST,ALBANY
116 GAINSBOROUGH CT,ALAMEDA
3183 MECARTNEY RD,ALAMEDA
1801 OCASO CAMINO,FREMONT
,
5001 CASE AVE BUS.,PLEASANTON
5000 MACARTHUR BLVD,OAKLAND
360 W HARDER RD BUS.,HAYWARD
4500 CABELLO ST,UNION CITY
4481 EAST AVE BUS.,LIVERMORE
5366 COLLEGE AVE,OAKLAND
934 34TH ST,OAKLAND
5735 BUENA VISTA AVE,OAKLAND
1912 CENTRAL AVE,ALAMEDA
5100 VANNOY AVE,CASTRO VALLEY
45135 S GRIMMER BLVD,FREMONT
2700 BUENA VISTA AVE,ALAMEDA
1821 CATALINA AVE,BERKELEY
1325 PORTLAND AVE,ALBANY
1650 MOUNTAIN BLVD,OAKLAND
3344 HIGH ST,OAKLAND
1400 6TH ST,ALAMEDA
1250 FERNSIDE BLVD,ALAMEDA
48495 ARKANSAS PL,FREMONT
44831 TROUT CT BUS.,FREMONT
1200 VINEYARD AVE,PLEASANTON
1470 FRUITVALE AVE,OAKLAND
777 B ST,HAYWARD
5789 GOLD CREEK DR,CASTRO VALLEY
1893 VASCO RD BUS.,LIVERMORE
27476 HAYWARD BLVD,HAYWARD
5589 BLACK AVE,PLEASANTON
5900 SHEPHERD CANYON RD,OAKLAND
1060 32ND ST,OAKLAND
322 SAINT JAMES DR,PIEDMONT
1275 61ST ST,EMERYVILLE
2235 SACRAMENTO ST,BERKELEY
20080 REDWOOD RD,CASTRO VALLEY
3565 FRUITVALE AVE,OAKLAND
505 DRISCOLL RD,FREMONT
3755 13TH AVE BUS.,OAKLAND
1500 DAYTON AVE,SAN LEANDRO
1401 W WINTON AVE,HAYWARD
19835 LAKE CHABOT RD,CASTRO VALLEY
777 B ST,HAYWARD
467 KNOTTINGHAM CIR,LIVERMORE
3933 HARRISON ST,OAKLAND
8601 MACARTHUR BLVD,OAKLAND
36270 CHERRY ST,NEWARK
2870 ADELINE ST,BERKELEY
2200 CENTRAL AVE,ALAMEDA
16105 MATEO ST,SAN LEANDRO
193 JAMI ST,LIVERMORE
15301 WICKS BLVD,SAN LEANDRO
15301 WICKS BLVD,SAN LEANDRO
21000 MISSION BLVD,HAYWARD
2741 CAMINO CASA BUENA,PLEASANTON
86 SOUTHAMPTON AVE,BERKELEY
623 EMERALD ST,LIVERMORE
27836 LOYOLA AVE BUS,HAYWARD
5325 THERESA WAY,LIVERMORE
1445 14TH ST,OAKLAND
4743 EAST AVE,LIVERMORE
4433 WILLOW RD,PLEASANTON
5301 HIBERNIA DR,DUBLIN
703 ATLANTIC AVE,ALAMEDA
2190 PERALTA BLVD,FREMONT
1315 LOMITAS AVE,LIVERMORE
1323 CENTRAL AVE,ALAMEDA
2890 MORGAN AVE,OAKLAND
1315 LOMITAS AVE,LIVERMORE
1315 LOMITAS AVE,LIVERMORE
1315 LOMITAS AVE,LIVERMORE
7494 DONOHUE DR,DUBLIN
5366 COLLEGE AVE,OAKLAND
1221 PACIFIC AVE,SAN LEANDRO
251 GOLDENRAIN AVE,FREMONT
3711 SUTER ST,OAKLAND
799 52ND ST,OAKLAND
799 52ND ST,OAKLAND
15301 WICKS BLVD,SAN LEANDRO
1969 PARK BLVD,OAKLAND
250 10TH ST,OAKLAND
1500 DERBY ST,BERKELEY
2601 PARKSIDE DR,FREMONT
270 13TH ST,OAKLAND
951 TURNER CT,HAYWARD
48970 VENTURA DR,FREMONT
4700 LINCOLN AVE,OAKLAND
251 GOLDENRAIN AVE,FREMONT
920 CAMPBELL ST,OAKLAND
404 FAIR HAVEN RD,ALAMEDA
3355 COUNTRY DR,FREMONT
515 ARLINGTON AVE,BERKELEY
1744 UNIVERSITY AVE,BERKELEY
34200 ALVARADO-NILES RD BUS.,UNION CITY
6811 VILLAREAL DR,CASTRO VALLEY
38700 LOGAN DR,FREMONT
1250 FERNSIDE BLVD,ALAMEDA
19400 SANTA MARIA AVE,CASTRO VALLEY
34007 ALVARADO-NILES RD,UNION CITY
2194 WILLIAMS ST,SAN LEANDRO
14903 CATALINA ST,SAN LEANDRO
14751 JUNIPER ST,SAN LEANDRO
5199 WESTPORT WAY,UNION CITY
685 14TH ST,OAKLAND
4610 FOOTHILL BLVD,OAKLAND
685 14TH ST,OAKLAND
8401 BIRCH ST,OAKLAND
3295 SCHOOL ST,OAKLAND
3240 WYNDHAM DR,FREMONT
2914 ENCINAL AVE,ALAMEDA
19600 CULL CANYON RD,CASTRO VALLEY
1999 HARVEST RD,PLEASANTON
920 ALLSTON WAY,BERKELEY
3301 E 12TH ST,OAKLAND
2334 STUART ST,BERKELEY
7500 AMARILLO RD,DUBLIN
4481 EAST AVE BUS.,LIVERMORE
5200 VALPEY PARK AVE,FREMONT
34400 MISSION BLVD,UNION CITY
34050 PASEO PADRE PKWY,FREMONT
401 GRIZZLY PEAK BLVD,BERKELEY
401 GRIZZLY PEAK BLVD,BERKELEY
322 ARLINGTON AVE,BERKELEY
2300 PANAMA ST,HAYWARD
1617 COLLEGE AVE,LIVERMORE
1 ARCADE AVE,BERKELEY
31604 ALVARADO BLVD,UNION CITY
4444 EAST AVE,LIVERMORE
777 B ST,HAYWARD
738 CALHOUN ST,HAYWARD
20111 MARSHALL ST,CASTRO VALLEY
1089 BLUEBELL DR,LIVERMORE
2021 COLLEGE AVE,LIVERMORE
1315 LOMITAS AVE,LIVERMORE
1315 LOMITAS AVE,LIVERMORE
543 SONOMA AVE,LIVERMORE
2300 PANAMA ST,HAYWARD
118 NEAL ST,PLEASANTON
32083 ALVARADO-NILES RD,UNION CITY
1470 FRUITVALE AVE,OAKLAND
6373 FAIRLANE DR,OAKLAND
300 ESTUDILLO AVE,SAN LEANDRO
16160 ASHLAND AVE,SAN LORENZO
1721 WEBSTER ST,ALAMEDA
6006 BALBOA DR,OAKLAND
4800 FALLON RD,DUBLIN
6900 VALLEY TRAILS DR,PLEASANTON
1225 HOPYARD RD,PLEASANTON
3683 QUAIL AVE,CASTRO VALLEY
4615 GRASS VALLEY RD,OAKLAND
2020 5TH ST,LIVERMORE
294 BROADMOOR BLVD,SAN LEANDRO
2200 CENTRAL AVE,ALAMEDA
16160 ASHLAND AVE,SAN LORENZO
1010 E 15TH ST,OAKLAND
6580 MIRABEAU DR,NEWARK
931 LARKSPUR DR,LIVERMORE
2860 HALCYON DR,SAN LEANDRO
6811 VILLAREAL DR,CASTRO VALLEY
300 GURDWARA RD,FREMONT
3300 ANTONE WAY,DUBLIN
41051 MISSION BLVD,FREMONT
1301 SHATTUCK AVE,BERKELEY
1731 PRINCE ST,BERKELEY
36281 FREMONT BLVD,FREMONT
2753 LAKEVIEW DR,SAN LEANDRO
28200 RUUS RD,HAYWARD
28200 RUUS RD,HAYWARD
100 VALLEY AVE,PLEASANTON
27211 TYRRELL AVE,HAYWARD
4825 GLEASON DR,DUBLIN
19104 LAKE CHABOT RD,CASTRO VALLEY
17520 REDWOOD RD,CASTRO VALLEY
19600 CULL CANYON RD,CASTRO VALLEY
4150 DORMAN RD BUS.,PLEASANTON
39620 SUNDALE DR,FREMONT
3601 KOHNEN WAY,DUBLIN
1125 JACKSON ST BUS.,ALBANY
666 BELLEVUE AVE,OAKLAND
3594 SANBORN DR,OAKLAND
4000 REDWOOD RD,OAKLAND
2825 INTERNATIONAL BLVD,OAKLAND
16807 COLUMBIA DR,CASTRO VALLEY
33700 ALVARADO-NILES RD,UNION CITY
100 HACIENDA AVE,SAN LORENZO
27343 WHITMAN ST,HAYWARD
1249 MARIN AVE,ALBANY
31600 ALVARADO BLVD,UNION CITY
1000 PINE ST BUS.,FREMONT
159 WASHINGTON BLVD,FREMONT
2400 DURANT AVE,BERKELEY
1501 WASHINGTON AVE,ALBANY
1800 OAKLAND AVE,PIEDMONT
2201 73RD AVE,OAKLAND
13150 SKYLINE BLVD,OAKLAND
980 STANNAGE AVE,ALBANY
2400 DURANT AVE,BERKELEY
38325 CEDAR BLVD,NEWARK
37371 FILBERT ST,NEWARK
1326 ALLSTON WAY,BERKELEY
920 ALLSTON WAY,BERKELEY
5001 DEEP CREEK RD BUS.,FREMONT
951 RINCON AVE,LIVERMORE
931 LARKSPUR DR,LIVERMORE
931 LARKSPUR DR,LIVERMORE
980 STANNAGE AVE,ALBANY
17849 PARKER RD,CASTRO VALLEY
1301 SHATTUCK AVE,BERKELEY
1425 OREGON ST,BERKELEY
35753 CEDAR BLVD,NEWARK
31600 ALVARADO BLVD,UNION CITY
33170 LAKE MEAD DR,FREMONT
3136 13TH AVE,OAKLAND
2500 HANSEN RD,HAYWARD
2500 HANSEN RD,HAYWARD
1325 PORTLAND AVE,ALBANY
1325 PORTLAND AVE,ALBANY
2955 CLAREMONT AVE,BERKELEY
2621 RIDGE RD,BERKELEY
2621 RIDGE RD,BERKELEY
2450 STEVENSON BLVD,FREMONT
4444 EAST AVE,LIVERMORE
8800 FONTAINE ST,OAKLAND
1912 CENTRAL AVE,ALAMEDA
41700 DENISE ST,FREMONT
33942 7TH ST,UNION CITY
4604 DELORES DR,UNION CITY
1305 ARCH ST,BERKELEY
32849 REGENTS BLVD,UNION CITY
39609 STEVENSON PL,FREMONT
39770 PASEO PADRE PKWY,FREMONT
3075 ADELINE ST,BERKELEY
550 24TH ST,OAKLAND
6328 E 17TH ST,OAKLAND
2024 ASHBY AVE,BERKELEY
3220 LUBBOCK PL,FREMONT
460 N LIVERMORE AVE,LIVERMORE
4700 DAISY ST,OAKLAND
2443 BALMORAL ST,UNION CITY
2723 BREAKER LN,HAYWARD
4001 STONERIDGE DR BUS.,PLEASANTON
4001 STONERIDGE DR BUS.,PLEASANTON
4001 STONERIDGE DR BUS.,PLEASANTON
2650 DURANT AVE,BERKELEY
2650 DURANT AVE,BERKELEY
2710 RUSSELL ST,BERKELEY
1931 CENTER ST,BERKELEY
1500 DERBY ST,BERKELEY
2236 PARKER ST,BERKELEY
1701 SAN PABLO AVE,BERKELEY
1400 ADA ST,BERKELEY
1000 SAN PABLO AVE,ALBANY
401 HIGHLAND AVE,PIEDMONT
1333 DECOTO RD,UNION CITY
34007 ALVARADO-NILES RD,UNION CITY
4216 DYER ST,UNION CITY
32083 ALVARADO-NILES RD,UNION CITY
33170 LAKE MEAD DR,FREMONT
39620 SUNDALE DR,FREMONT
40404 SUNDALE DR,FREMONT
858 WASHINGTON BLVD,FREMONT
45135 S GRIMMER BLVD,FREMONT
6247 JOAQUIN MURIETA AVE,NEWARK
38325 CEDAR BLVD,NEWARK
36111 BETTENCOURT ST,NEWARK
35753 CEDAR BLVD,NEWARK
2837 CLAREMONT BLVD,BERKELEY
6183 OCEAN VIEW DR,OAKLAND
365 45TH ST,OAKLAND
281 SANTA CLARA AVE,OAKLAND
22 STONE HARBOR,ALAMEDA
1415 BROADWAY,ALAMEDA
2513 BLANDING AVE,ALAMEDA
351 JACK LONDON AVE,ALAMEDA
6401 SAN PABLO AVE,OAKLAND
219 E 15TH ST,OAKLAND
219 E 15TH ST,OAKLAND
1247 E 12TH ST,OAKLAND
1600 FRANKLIN ST,OAKLAND
1600 FRANKLIN ST,OAKLAND
2701 22ND AVE,OAKLAND
2721 BELLAIRE PL,OAKLAND
2409 E 27TH ST,OAKLAND
2201 73RD AVE,OAKLAND
8000 BIRCH ST,OAKLAND
7701 KRAUSE AVE,OAKLAND
11900 CAMPUS DR,OAKLAND
12000 CAMPUS DR,OAKLAND
4292 KELLER AVE,OAKLAND
4292 KELLER AVE,OAKLAND
7100 FOOTHILL BLVD,OAKLAND
9854 KOFORD RD,OAKLAND
1333 PARK AVE,EMERYVILLE
10440 INTERNATIONAL BLVD,OAKLAND
1 SOUTHLAND MALL BUS.,HAYWARD
30540 MISSION BLVD,HAYWARD
777 B ST,HAYWARD
16105 MATEO ST,SAN LEANDRO
14903 CATALINA ST,SAN LEANDRO
1616 ORCHARD AVE,SAN LEANDRO
14235 BANCROFT AVE,SAN LEANDRO
14235 BANCROFT AVE,SAN LEANDRO
1636 GRAFF AVE,SAN LEANDRO
2490 GROVE WAY,CASTRO VALLEY
18770 LAKE CHABOT RD,CASTRO VALLEY
20080 REDWOOD RD,CASTRO VALLEY
1704 DAWN ST,LIVERMORE
5558 ARLENE WAY,LIVERMORE
678 ENOS WAY,LIVERMORE
4001 STONERIDGE DR BUS.,PLEASANTON
3231 VINEYARD AVE,PLEASANTON
3231 VINEYARD AVE,PLEASANTON
3231 VINEYARD AVE,PLEASANTON
4530 SANDALWOOD DR,PLEASANTON
4530 SANDALWOOD DR,PLEASANTON
4151 W LAS POSITAS BLVD,PLEASANTON
4151 W LAS POSITAS BLVD,PLEASANTON
6644 SIERRA CT BUS.,DUBLIN
3115 FINNIAN WAY,DUBLIN
3115 FINNIAN WAY,DUBLIN
3612 WEBSTER ST,OAKLAND
170 LINDBERGH AVE,LIVERMORE
1999 HARVEST RD,PLEASANTON
38442 FREMONT BLVD,FREMONT
31600 ALVARADO BLVD BUS.,UNION CITY
8500 A ST,OAKLAND
2190 PERALTA BLVD,FREMONT
825 TAYLOR AVE,ALAMEDA
868 FARGO AVE,SAN LEANDRO
600 G ST,UNION CITY
2300 MARTIN LUTHER KING JR WAY,BERKELEY
1728 8TH ST,BERKELEY
19700 HESPERIAN BLVD,HAYWARD
401 E JACK LONDON BLVD,LIVERMORE
298 JUNCTION AVE,LIVERMORE
2138 CEDAR ST,BERKELEY
2138 CEDAR ST,BERKELEY
1800 98TH AVE,OAKLAND
1800 98TH AVE,OAKLAND
1155 SANTA RITA RD,PLEASANTON
1150 BANCROFT AVE,SAN LEANDRO
250 DUTTON AVE,SAN LEANDRO
915 54TH ST,OAKLAND
34400 MAYBIRD CIR BUS.,FREMONT
725 WHIPPLE RD,UNION CITY
1581 LE ROY AVE,BERKELEY
1581 LE ROY AVE,BERKELEY
6300 MORAGA AVE,OAKLAND
560 59TH ST,OAKLAND
560 59TH ST,OAKLAND
2035 40TH AVE,OAKLAND
2035 40TH AVE,OAKLAND
5328 BRANN ST,OAKLAND
725 WHIPPLE RD,UNION CITY
44831 TROUT CT BUS.,FREMONT
47300 FERNALD ST,FREMONT
2644 SOMERSET AVE,CASTRO VALLEY
7711 MACARTHUR BLVD,OAKLAND
1170 THE ALAMEDA,BERKELEY
700 ALQUIRE PKWY,HAYWARD
